Id,Steps00,Steps01,Steps02,Steps03,Steps04,Steps05,Steps06,Steps07,Steps08,Steps09,Steps10,Steps11,Steps12,Steps13,Steps14,Steps15,Steps16,Steps17,Steps18,Steps19,Steps20,Steps21,Steps22,Steps23,Steps24,Steps25,Steps26,Steps27,Steps28,Steps29,Steps30,Steps31,Steps32,Steps33,Steps34,Steps35,Steps36,Steps37,Steps38,Steps39,Steps40,Steps41,Steps42,Steps43,Steps44,Steps45,Steps46,Steps47,Steps48,Steps49,Steps50,Steps51,Steps52,Steps53,Steps54,Steps55,Steps56,Steps57,Steps58,Steps59,Calories00,Calories01,Calories02,Calories03,Calories04,Calories05,Calories06,Calories07,Calories08,Calories09,Calories10,Calories11,Calories12,Calories13,Calories14,Calories15,Calories16,Calories17,Calories18,Calories19,Calories20,Calories21,Calories22,Calories23,Calories24,Calories25,Calories26,Calories27,Calories28,Calories29,Calories30,Calories31,Calories32,Calories33,Calories34,Calories35,Calories36,Calories37,Calories38,Calories39,Calories40,Calories41,Calories42,Calories43,Calories44,Calories45,Calories46,Calories47,Calories48,Calories49,Calories50,Calories51,Calories52,Calories53,Calories54,Calories55,Calories56,Calories57,Calories58,Calories59
1503960366,7.045897079276774,7.7635605006954105,8.639777468706537,8.375521557719054,8.591098748261475,7.86509040333797,7.4242002781641165,7.531293463143254,7.634214186369959,9.15855354659249,9.602225312934632,10.068150208623088,10.581363004172461,10.997218358831711,11.375521557719054,9.74547983310153,8.453407510431154,8.339360222531294,9.3769123783032,9.474269819193324,9.25452016689847,9.079276773296245,8.774687065368568,8.663421418636997,7.678720445062587,7.563282336578581,7.766342141863699,8.592489568845618,8.091794158553547,8.478442280945758,8.328233657858137,8.205841446453407,8.393602225312934,8.054242002781642,8.261474269819193,7.446453407510431,9.666203059805285,9.237830319888735,9.503477051460361,8.602225312934632,7.890125173852573,8.147426981919333,8.420027816411682,8.109874826147427,8.614742698191932,9.324061196105703,9.98191933240612,9.417246175243394,9.350486787204451,8.684283727399166,8.232267037552155,8.002781641168289,7.611961057023644,6.726008344923505,7.17941585535466,7.45201668984701,8.136300417246176,8.180806675938804,8.250347705146035,7.938803894297636,1.2375323733467718,1.2749026501460599,1.2900409108242836,1.2904949330819333,1.3091135955984303,1.2775295360197776,1.2498237091908038,1.2462195784723975,1.2663214415601962,1.318159311802563,1.3374223989306306,1.3661994095969432,1.3818291306329868,1.3927340409686069,1.4163263911829538,1.3325789788004752,1.280985419292609,1.2768634297419987,1.3265605083924508,1.3320894931884735,1.3260148341698839,1.3271768093938126,1.3060906075138043,1.3058269905944526,1.2594145442746445,1.2536368394096968,1.2594898840482445,1.2891909416262397,1.2584628339271386,1.284659217229639,1.2820480899452666,1.2784787175220973,1.2795181311718777,1.2753442112195807,1.2826753368132304,1.251697242923174,1.3407459464623632,1.3272965877875167,1.330420608232018,1.2852118320358978,1.255459551353614,1.271332162892205,1.280347533783097,1.2698413172583918,1.2945823177840348,1.3236659037387088,1.3398959184886685,1.3255056405598002,1.3366924541716119,1.3092344866674368,1.2861514831783045,1.295364905133201,1.2593343913638044,1.2332777419077008,1.2430652103934732,1.2577459057780067,1.2870200503519083,1.29083373724005,1.284215126647737,1.2897249600320266
1624580081,3.9410150891632374,3.6049382716049383,4.1440329218107,3.7215363511659807,3.794238683127572,4.130315500685871,4.238683127572016,4.352537722908093,4.015089163237311,4.0068587105624145,4.039780521262003,4.47599451303155,3.6790123456790123,3.7338820301783264,3.6145404663923184,4.094650205761317,4.159122085048011,3.972565157750343,4.574759945130316,4.474622770919067,4.286694101508917,4.196159122085048,4.633744855967078,3.8381344307270235,3.7352537722908092,4.0480109739369,4.0246913580246915,3.840877914951989,3.493827160493827,3.5733882030178328,3.633744855967078,3.8916323731138545,3.7983539094650207,4.958847736625515,4.563786008230453,4.053497942386831,4.027434842249657,3.9231824417009604,4.37037037037037,4.1015089163237315,4.037037037037037,3.5871056241426613,3.8559670781893005,3.6227709190672153,3.877914951989026,3.544581618655693,3.747599451303155,4.065843621399177,4.194787379972565,4.271604938271605,4.163237311385459,3.635116598079561,3.6474622770919067,3.8299039780521262,3.455418381344307,3.9478737997256514,3.764060356652949,3.5912208504801097,3.6502057613168724,4.262002743484225,1.0496361908108116,1.032081457486041,1.047584337625647,1.0439365997563008,1.019998330801766,1.0465584113601136,1.0498641750613027,1.0602374245273394,1.0467863959376538,1.0628592354770547,1.0630872198910704,1.0767662317501008,1.0295736377621871,1.033221375795058,1.0321954482213294,1.042454709077895,1.041770758615763,1.0392629382378114,1.0597814561898813,1.0653670550373844,1.0410868074995334,1.0547658188679905,1.0679888641883313,1.0367551209668233,1.0328794003187054,1.048838248632245,1.0424547077696997,1.0311695234275156,1.025925902018658,1.0245579989685767,1.0349312512145281,1.0388069712085486,1.038351005978054,1.0775641758909602,1.0572736394094666,1.0454184943592921,1.024216025454517,1.0192003858432848,1.0433666428093717,1.044278577194946,1.0344752843487897,1.008029193708108,1.0287756954200962,1.0404028578550233,1.0374390702842846,1.0408588222678956,1.0302575883878435,1.0422267248274037,1.0467863957741292,1.0519160259571256,1.0166925679181988,1.0023296059240854,1.0201123220276274,1.0353872190614128,1.0195423623007835,1.0446205529983477,1.054879810093852,1.0545378349445482,1.0561337194652056,1.0419987413945346
1644430081,5.2631578947368425,4.7821637426900585,5.144736842105263,5.730994152046784,4.682748538011696,5.254385964912281,5.269005847953216,5.084795321637427,4.856725146198831,5.399122807017544,4.918128654970761,4.887426900584796,4.691520467836257,4.543859649122807,4.324561403508772,4.711988304093567,4.140350877192983,4.288011695906433,4.083333333333333,4.371345029239766,4.880116959064328,4.666666666666667,4.6608187134502925,4.60233918128655,4.260233918128655,4.5131578947368425,4.280701754385965,4.261695906432749,4.491228070175438,4.733918128654971,5.200292397660819,3.992690058479532,4.935672514619883,5.068713450292398,5.5248538011695905,4.713450292397661,5.504385964912281,5.416666666666667,5.64766081871345,5.108187134502924,5.021929824561403,4.9751461988304095,4.814327485380117,4.543859649122807,4.315789473684211,5.008771929824562,4.43859649122807,5.173976608187134,5.248538011695906,5.840643274853801,6.583333333333333,5.780701754385965,5.8391812865497075,5.964912280701754,5.41374269005848,5.723684210526316,5.831871345029239,6.817251461988304,6.307017543859649,6.437134502923977,1.995772555906174,1.962078226937189,1.9937180266742829,2.057819430765354,1.943176537926435,1.9994707128457865,2.001525251488938,1.9719399853407997,1.964543668498771,1.9920744010579525,1.9583800729603806,1.9678309209514093,1.9711181693955482,1.9242748414215298,1.927562090562799,1.938656565041571,1.8852387267595156,1.900853176911673,1.907016768790129,1.9131803643285192,1.9565309918763354,1.95714735758235,1.951394666356651,1.9279729950497733,1.9177003393047745,1.9234530219906265,1.9008531732517386,1.9125640055938085,1.9279729950497733,1.9698854534946697,1.9834453634351328,1.9057840497521639,1.9818017386902156,1.9813908307175898,2.0044015942261244,1.936602032672593,2.0035797795008508,2.0241251049334554,2.0109760975628577,1.9686527339338569,1.9772817671996121,1.9776926748236727,1.9612564155232846,1.923863932577491,1.9127694605386756,1.967009106923266,1.931260249070955,1.978514489723229,1.96783091833717,2.024125102319216,2.0693248106025126,2.0343977676497573,2.0183724110935177,2.0372741039384885,2.0154960676592,2.020426941196822,2.0286450727641245,2.1231535514544335,2.0923355687082865,2.0656266490444115
1844505072,1.6864640883977902,1.9337016574585635,2.143646408839779,1.4613259668508287,1.973756906077348,2.3798342541436464,2.022099447513812,1.723756906077348,1.8687845303867403,1.7941988950276244,2.158839779005525,1.893646408839779,1.830110497237569,1.5966850828729282,1.6284530386740332,1.8273480662983426,1.4820441988950277,2.2113259668508287,1.7886740331491713,1.7099447513812154,1.3259668508287292,1.2168508287292819,1.830110497237569,1.531767955801105,1.5649171270718232,1.5511049723756907,1.738950276243094,1.8370165745856353,2.31767955801105,1.9323204419889504,1.8038674033149171,1.7555248618784531,1.574585635359116,1.328729281767956,1.5524861878453038,1.2941988950276244,1.488950276243094,1.8342541436464088,1.6546961325966851,1.6367403314917126,1.5552486187845305,1.5883977900552486,1.0359116022099448,1.3604972375690607,1.6685082872928176,1.669889502762431,1.3480662983425415,1.2472375690607735,1.473756906077348,1.578729281767956,1.6574585635359116,1.591160220994475,1.537292817679558,1.6201657458563536,1.6201657458563536,1.808011049723757,1.792817679558011,1.8604972375690607,1.7085635359116023,1.5593922651933703,1.0990597875737356,1.1290435465001272,1.1342131596737806,1.0843263908973717,1.111466859997307,1.1458447891704286,1.1122423013600198,1.110174457753561,1.104487881805357,1.1011276334853464,1.1256832965335795,1.1199967228905274,1.1044878827932791,1.090271445516065,1.0892375223544424,1.101903075012713,1.0825170255497676,1.1150855890459779,1.0982843462110226,1.1083650925706108,1.0750210858181697,1.0626140139708864,1.1088820533693167,1.0809661411778047,1.099318268384723,1.0967334624153475,1.1006106720280253,1.1171534352045693,1.1313698713292075,1.1150855894576122,1.1057802863542547,1.1006106712047568,1.0923392910160414,1.0729532408121543,1.0949240973970509,1.0719193188854346,1.0918223301350085,1.0980258652353816,1.0902714446104693,1.0975089037780605,1.1008691530036665,1.0964749813573798,1.0657157825501586,1.082000064915715,1.0993182686317033,1.1006106725219864,1.071143876205492,1.0714023567694988,1.080190698991823,1.0894960030831027,1.0988013073390361,1.0822585446564534,1.0773474121291335,1.0866527164673938,1.0820000645864076,1.0959580204763466,1.0990597883146773,1.0985428261987413,1.1019030759183084,1.0918223289001054
1927972279,0.30315500685871055,0.27983539094650206,0.23319615912208505,0.3717421124828532,0.3607681755829904,0.18792866941015088,0.2757201646090535,0.3017832647462277,0.37585733882030176,0.5006858710562414,0.4869684499314129,0.4444444444444444,0.3731138545953361,0.5281207133058985,0.252400548696845,0.32647462277091904,0.47050754458161864,0.588477366255144,0.5459533607681756,0.8436213991769548,0.541838134430727,0.7640603566529492,0.8669410150891632,0.8106995884773662,1.064471879286694,0.9821673525377229,0.9245541838134431,0.6652949245541838,0.654320987654321,1.0713305898491083,0.7174211248285323,0.7407407407407407,0.7434842249657064,0.8436213991769548,0.8120713305898491,0.7832647462277091,0.8065843621399177,0.8340192043895748,0.8943758573388203,0.9190672153635117,0.9080932784636488,0.9876543209876543,0.7448559670781894,0.766803840877915,0.9314128943758574,0.8463648834019204,0.7969821673525377,0.8669410150891632,0.8024691358024691,0.6515775034293553,0.766803840877915,0.7832647462277091,0.6433470507544582,0.5898491083676269,0.27709190672153633,0.48559670781893005,0.39231824417009603,0.52400548696845,0.4540466392318244,0.3168724279835391,1.4894970606383986,1.4853699413346677,1.485566470848682,1.4948033570262163,1.4932311214046732,1.4757399966196778,1.4912658262645284,1.4863525893953131,1.5022714775776196,1.522907073115127,1.5126875408392404,1.5085604215355095,1.49952006487199,1.5099361281336108,1.4847803527926242,1.4932311209141003,1.5073812442878982,1.522317485390706,1.5042367728812887,1.5386294334186634,1.5293925459329338,1.5423634938578892,1.550421202787812,1.5398086111568474,1.5677157985493662,1.5527795574465593,1.5502246737643706,1.5172077198250977,1.5343057846009178,1.5541552645352334,1.5368606679560572,1.5439357288253341,1.5398086100121766,1.5286064306567908,1.5468836716990761,1.540791257582249,1.5378433151990807,1.5272307234045919,1.5386294345633338,1.5525830272784467,1.5425600241895256,1.5506177319747776,1.533323137684943,1.540987787259788,1.55179690889534,1.542560023862477,1.5358780207130336,1.5417739056428947,1.541577376455929,1.5286064288580223,1.537253726984086,1.5374502564981005,1.5260515456664074,1.5270341929094309,1.4906762375589606,1.503450654334658,1.4967686521663606,1.5001096537410825,1.4983408879514275,1.4863525893953131
2022484408,8.068587105624143,7.207133058984911,7.812071330589849,7.893004115226337,8.2880658436214,8.373113854595337,8.006858710562414,8.905349794238683,8.927297668038408,7.500685871056241,7.766803840877915,8.024691358024691,7.796982167352538,7.751714677640604,8.069958847736626,8.2400548696845,7.869684499314129,8.519890260631001,8.506172839506172,9.465020576131687,9.272976680384089,8.36076817558299,9.51440329218107,8.577503429355282,8.327846364883403,7.644718792866941,6.8806584362139915,6.540466392318244,6.694101508916324,6.322359396433471,7.362139917695473,7.613168724279835,8.396433470507544,8.251028806584362,8.149519890260631,8.137174211248285,8.995884773662551,8.342935528120714,9.002743484224967,8.489711934156379,8.910836762688614,7.768175582990398,7.377229080932785,7.957475994513032,8.189300411522634,7.96159122085048,7.87517146776406,7.401920438957476,7.86556927297668,6.887517146776406,6.695473251028806,6.305898491083676,6.017832647462277,6.55281207133059,6.825788751714677,7.219478737997257,7.622770919067215,6.957475994513032,6.983539094650205,7.364883401920439,1.7378984244926128,1.7118491619539176,1.743022863102873,1.7374713831314152,1.7556916321583063,1.7490013808379916,1.7549799020071233,1.7931285408135123,1.788146445126525,1.7542681703842207,1.7544105169050301,1.738894838855098,1.7378984190963078,1.7423111360586538,1.7343397770071858,1.7418840981314683,1.7205322452696894,1.7324892854821352,1.743592247387344,1.798252989562285,1.8218823676246652,1.7531294057398648,1.8052279239492306,1.7445886666555608,1.706440025886879,1.714980762518317,1.6926324949670049,1.6698571870356411,1.6783979274281404,1.6863692833726442,1.7195358315613025,1.7444463248769586,1.8184660730375,1.8362592852818764,1.8230211388099973,1.8255833568886943,1.8463658287364904,1.8176120055228737,1.8684294114224032,1.8317042221257698,1.8255833595050848,1.8039468196520894,1.7770434827307429,1.7968295282787727,1.7929861972361416,1.790423972452944,1.760389037747113,1.7508518784134457,1.7665099011854197,1.7289306393049035,1.69206310904729,1.6857999026857104,1.7095716295582422,1.6970452099670579,1.6919207590924676,1.6919207649793462,1.7353361997094154,1.7297847127064083,1.7314928626163815,1.7226674340879948
2026352035,4.065843621399177,4.1687242798353905,4.415637860082304,4.283950617283951,4.165980795610425,4.190672153635116,4.310013717421125,3.9465020576131686,3.9684499314128945,4.104252400548697,3.4746227709190673,4.13443072702332,4.415637860082304,4.448559670781893,4.260631001371742,3.689986282578875,3.2825788751714677,3.8161865569272977,4.2812071330589845,3.989026063100137,4.887517146776406,4.026063100137174,4.530864197530864,3.720164609053498,3.702331961591221,3.421124828532236,4.0699588477366255,4.3758573388203015,4.761316872427984,3.5871056241426613,3.651577503429355,4.211248285322359,4.271604938271605,3.3950617283950617,3.6694101508916326,4.308641975308642,4.491083676268861,4.096021947873799,4.068587105624142,3.6104252400548695,4.113854595336077,3.9588477366255144,3.6200274348422496,3.449931412894376,3.9286694101508917,3.47599451303155,3.375857338820302,3.7338820301783264,3.3004115226337447,3.6310013717421126,3.7558299039780523,4.5651577503429355,4.286694101508917,3.8175582990397805,3.718792866941015,3.7956104252400547,3.589849108367627,3.9519890260631003,3.711934156378601,4.2770919067215365,1.0821629265535353,1.1102323911481111,1.1138473983000667,1.085565285264056,1.0954533916769045,1.0890739681952941,1.1203331448577236,1.0833324866039766,1.0854589613703873,1.093114270267827,1.0530302233493216,1.0936458895726462,1.1048098805837019,1.1085312108117042,1.102683405326718,1.0761024731176874,1.0674902511395221,1.0820566020057691,1.1105513616844462,1.0865221986718305,1.1247987418508336,1.0893929392222026,1.1093818013069565,1.070998934397809,1.0662143675224613,1.0622803890165482,1.0779099765301408,1.0925826516171053,1.115548577328278,1.0483519792229716,1.0865221986718308,1.1038529673394522,1.0992810466161975,1.0495215402545592,1.0616424458180602,1.104597233777511,1.1039592904154987,1.0898182343063043,1.073019085270551,1.0736570273243682,1.100131636130303,1.096622952708492,1.0752518832765328,1.0766340914413601,1.0938585357247397,1.069510402339313,1.0549440508189682,1.0770593865254618,1.0701483443931301,1.0594096478120785,1.0772720349668972,1.1117209230430827,1.1005569312144048,1.076634092258982,1.0812060120010905,1.0740823222449456,1.073869674457608,1.0786542428046755,1.0556883166029296,1.0969419253706445
2320127002,3.1371742112482854,2.962962962962963,3.090534979423868,3.2016460905349793,3.0795610425240056,3.4060356652949246,3.6886145404663924,2.820301783264746,3.292181069958848,2.953360768175583,3.0877914951989025,3.1536351165980796,3.711934156378601,3.130315500685871,2.7434842249657065,3.4622770919067216,3.297668038408779,3.477366255144033,3.746227709190672,3.375857338820302,3.1810699588477367,3.307270233196159,3.3141289437585733,3.054869684499314,2.898491083676269,2.8545953360768177,2.768175582990398,3.149519890260631,2.672153635116598,2.672153635116598,3.6035665294924555,2.860082304526749,2.784636488340192,2.8628257887517146,2.628257887517147,3.111111111111111,2.8916323731138545,3.1714677640603566,3.615912208504801,3.2016460905349793,3.197530864197531,3.459533607681756,2.936899862825789,3.3292181069958846,3.3772290809327847,3.5281207133058983,3.271604938271605,3.0329218106995883,3.700960219478738,2.9314128943758573,2.5349794238683128,3.049382716049383,3.167352537722908,3.0425240054869684,3.521262002743484,3.633744855967078,3.400548696844993,2.9245541838134432,3.085048010973937,3.149519890260631,1.2110178388849369,1.195369004876198,1.1971358091088806,1.2026886217224582,1.1966310090325334,1.2248998694786155,1.2256570727409812,1.1771961665611372,1.1920877993515653,1.1895637926741391,1.2021838202561534,1.2074842314007188,1.2201042604544525,1.1938546026848635,1.1655857422387812,1.2074842321365786,1.208493834660377,1.212532243120327,1.2357530941361428,1.207231831812237,1.2089986351455355,1.2059698285552864,1.2274238738666998,1.186030185680494,1.1824965780327512,1.1855253838871405,1.1938546014584304,1.2001646163532274,1.1797201711945082,1.1877969882779325,1.2365102945368314,1.192340198204187,1.1751769623311623,1.1918353977190288,1.1663429419853721,1.2052126272552135,1.1744197611128515,1.1910781965824802,1.2160658508498319,1.1920877997603763,1.1961262088744238,1.2195994592334345,1.1898161930802427,1.2142990469441983,1.2198518589854404,1.236762695024697,1.218085054752758,1.1941070036633024,1.23953910186294,1.182748977784757,1.160032929706966,1.1933498015456074,1.196378609117003,1.200669416593099,1.225657071514548,1.225404672089591,1.2097558373449924,1.1822441780354587,1.2011742184682148,1.209755836282084
2347167796,5.9282051282051285,6.202564102564103,7.407692307692308,6.735897435897436,6.2846153846153845,7.3,7.061538461538461,8.046153846153846,7.166666666666667,7.366666666666666,8.028205128205128,8.307692307692308,8.058974358974359,7.948717948717949,8.433333333333334,8.320512820512821,8.497435897435897,7.033333333333333,7.910256410256411,8.27948717948718,7.356410256410256,7.112820512820512,6.417948717948718,6.725641025641026,5.958974358974359,6.394871794871795,6.351282051282051,6.269230769230769,5.412820512820513,5.746153846153846,5.917948717948718,6.410256410256411,5.023076923076923,4.746153846153846,6.3538461538461535,6.61025641025641,6.897435897435898,7.233333333333333,6.512820512820513,7.3820512820512825,8.125641025641025,8.071794871794872,7.292307692307692,7.9512820512820515,7.235897435897436,6.676923076923077,6.333333333333333,5.530769230769231,6.202564102564103,7.0717948717948715,7.387179487179488,7.01025641025641,7.0948717948717945,6.833333333333333,6.88974358974359,6.123076923076923,5.946153846153846,6.128205128205129,6.035897435897436,6.302564102564102,1.4253707535755937,1.4637182961671777,1.4950716241812092,1.4625123959321236,1.4547946474491018,1.496277523040771,1.4755360846336067,1.516777781798289,1.5095424004090132,1.4912127552888326,1.5302838319387189,1.5536782446580049,1.5404133694294169,1.5107482922382838,1.5433075253780069,1.5440310650911084,1.5264249609066887,1.4972422411808597,1.5218425487860652,1.5298014724865936,1.489042138594847,1.4774655230534377,1.4386356249833716,1.4769831657409662,1.433088497473643,1.420547163333648,1.4067999352247285,1.418858909148436,1.3648347056829007,1.4058352176959694,1.4355002924417835,1.4359826506712494,1.3737583456895288,1.3469874227658294,1.456241733141434,1.4480416273459404,1.483253833269461,1.4796361461663852,1.457206448836204,1.4791537828934493,1.508336499715462,1.5199131192305144,1.4808420370786615,1.5310073710404906,1.473606655383721,1.457447626957526,1.45117695683088,1.4229589592187826,1.44032388146107,1.4818067555244145,1.5032717324220215,1.4683007029386663,1.4822891163520318,1.468783064988943,1.4796361403587535,1.4470769104285113,1.4357414737725867,1.4470769118040032,1.430676703728162,1.4219942397032026
2873212765,4.6882758620689655,5.197241379310345,5.943448275862069,5.700689655172414,4.983448275862069,5.84551724137931,5.526896551724138,5.122758620689655,5.64,4.417931034482758,4.633103448275862,4.670344827586207,4.696551724137931,4.268965517241379,4.964137931034482,4.714482758620689,4.12,4.409655172413793,4.491034482758621,4.471724137931035,4.190344827586207,4.28,4.3917241379310346,4.602758620689655,4.016551724137931,4.595862068965517,4.615172413793103,5.11448275862069,6.336551724137931,5.857931034482759,6.067586206896552,5.506206896551724,5.266206896551724,6.071724137931034,6.206896551724138,6.780689655172414,5.288275862068965,5.161379310344827,5.235862068965517,5.32551724137931,5.337931034482758,5.746206896551724,6.060689655172414,5.754482758620689,6.045517241379311,6.646896551724138,7.368275862068965,6.779310344827586,5.724137931034483,5.393103448275862,4.496551724137931,4.936551724137931,5.324137931034483,4.702068965517241,5.29103448275862,5.071724137931034,4.248275862068965,4.488275862068965,5.158620689655172,4.597241379310345,1.321836460458821,1.341325370936558,1.4044269279775947,1.3766745798341158,1.3411509084701536,1.374289361772866,1.3409341654284246,1.3369948973326846,1.3489130593990455,1.3148682864781083,1.2832219707554782,1.3361849761831348,1.3096198986316547,1.314122988684424,1.3064648442432796,1.312506526667496,1.2547159321554775,1.2704058946412184,1.2928858672339338,1.2847450117407173,1.2838500669906878,1.2755239774440896,1.2680454945564268,1.2649885284489597,1.2622564743305074,1.2921817175273236,1.308402818646924,1.321804171019587,1.3795846890581063,1.362147998480961,1.3418777084350584,1.375161788134739,1.363984397279805,1.3880646055320212,1.4206304162124104,1.4406039565185018,1.3691312539166416,1.3314007561782308,1.3219858454835824,1.338649652908588,1.3508604249460943,1.3585975850861647,1.37680270112794,1.4037924943299127,1.3881154490339342,1.4048947991995975,1.4466220660045228,1.3819760804340755,1.3349366177361586,1.3156520059190946,1.3123466683256213,1.3048925173693688,1.3251976198985658,1.3210806261259933,1.298202694366718,1.2974262263857084,1.268418999129328,1.2998071372920068,1.3097637446173305,1.296241107480279
3372868164,4.28125,4.571428571428571,5.439732142857143,5.616071428571429,4.216517857142857,5.274553571428571,5.207589285714286,4.767857142857143,4.848214285714286,5.417410714285714,5.377232142857143,4.959821428571429,5.845982142857143,5.350446428571429,6.082589285714286,4.602678571428571,4.477678571428571,5.111607142857143,5.205357142857143,4.46875,5.042410714285714,5.058035714285714,5.6875,5.194196428571429,5.433035714285714,5.267857142857143,4.868303571428571,5.118303571428571,5.665178571428571,5.651785714285714,5.227678571428571,5.513392857142857,5.866071428571429,6.149553571428571,5.470982142857143,4.745535714285714,4.645089285714286,4.944196428571429,5.004464285714286,5.174107142857143,5.125,5.075892857142857,4.095982142857143,4.602678571428571,4.294642857142857,4.566964285714286,4.214285714285714,4.604910714285714,4.243303571428571,3.9642857142857144,4.024553571428571,4.069196428571429,4.584821428571429,3.7566964285714284,4.350446428571429,4.4375,4.794642857142857,5.765625,4.383928571428571,3.529017857142857,1.3098375469978365,1.3265393291200909,1.4125535301864143,1.4138061617101936,1.288333994735564,1.3870833042476856,1.3513832382325612,1.3532621868486914,1.3434498892830946,1.3824903174702605,1.3664148420627626,1.381655225264174,1.3958517419440404,1.3837429473974872,1.4008622781506603,1.3415709388043198,1.3593165871820276,1.3862482160329817,1.366414844457592,1.3421972553644859,1.3572288626538853,1.3789411841758654,1.403993865208966,1.3985657809036116,1.383534176807318,1.3872920745717625,1.379567499405571,1.357020088604518,1.3931377024522844,1.3925113826990125,1.4225746028657469,1.4238272325268808,1.4292553147034983,1.4269588174564494,1.409630719306213,1.3716341539153027,1.3662060738674229,1.3849955834448333,1.3724692431943752,1.3582727235874954,1.4280026815831657,1.4117184419717101,1.3616130836307998,1.360777992489082,1.3566025442310738,1.3557674602738443,1.3449112951223336,1.3461639285087583,1.3215287945100236,1.3181884395224703,1.3311323233480958,1.3257042409053867,1.3411533923021381,1.3257042401071104,1.3716341552457636,1.3503393765006744,1.3599429034761017,1.406707903370261,1.3543060515075918,1.3081673676414147
3977333714,8.742068965517241,7.220689655172414,7.772413793103448,7.841379310344828,7.081379310344827,6.871724137931034,6.926896551724138,7.471724137931035,7.3613793103448275,8.555862068965517,7.998620689655173,7.771034482758621,7.746206896551724,7.056551724137931,7.551724137931035,7.8662068965517244,7.237241379310345,8.139310344827587,8.223448275862069,7.675862068965517,6.7475862068965515,8.078620689655173,8.649655172413793,7.892413793103448,7.791724137931035,7.522758620689655,8.071724137931035,8.340689655172413,7.503448275862069,7.784827586206896,7.988965517241379,8.55448275862069,8.508965517241379,8.048275862068966,8.020689655172413,7.238620689655172,7.871724137931034,8.467586206896552,7.971034482758621,7.333793103448276,7.972413793103448,8.18344827586207,8.430344827586207,8.271724137931034,8.260689655172413,8.292413793103448,8.071724137931035,8.113103448275861,7.904827586206896,9.093793103448276,9.195862068965518,8.991724137931035,8.260689655172413,7.500689655172414,8.057931034482758,8.332413793103449,8.71448275862069,8.504827586206897,8.266206896551724,8.29103448275862,1.1240292447188802,1.060447014446916,1.0766333446831535,1.0781841315894287,1.0605439375186785,1.0465868602127861,1.0525961566793502,1.06771632243847,1.061803950359081,1.1111383365762642,1.093498142505514,1.083999578952789,1.0780872058046271,1.0509484478522988,1.0682978675283232,1.0808980057157316,1.052499234183081,1.0951458550321642,1.0957273979022581,1.0782810535924185,1.0484284199517344,1.1054198113803202,1.1267431244356876,1.100282834644975,1.0873919247758796,1.0654870673705787,1.097665881452889,1.1013489987110265,1.0664563095158541,1.0822549438476559,1.0847749705150207,1.1104598670170223,1.110944486404287,1.0921412047024428,1.0919473569146514,1.0682009445387737,1.0901057972579165,1.1061952039291116,1.0894273304939268,1.0675224768704379,1.09805358097471,1.0995074419317572,1.1260646571784179,1.1021243928218707,1.1007674533745335,1.1109444890351128,1.0894273312338465,1.0866165311583154,1.0847749712549404,1.124804638747511,1.1320739509319433,1.116081466017098,1.1026090125379888,1.073144073815181,1.0918504326096894,1.0962120195914955,1.118698417071638,1.1056136604835245,1.1000889837330783,1.1046444199003018
4020332650,1.522038567493113,1.9201101928374655,1.9476584022038568,1.6666666666666667,1.5537190082644627,1.455922865013774,1.8044077134986225,1.7024793388429753,1.5853994490358128,1.6046831955922864,1.5082644628099173,1.3099173553719008,1.4793388429752066,1.2520661157024793,1.3925619834710743,1.4393939393939394,1.7713498622589532,1.5674931129476584,1.2947658402203857,1.43801652892562,1.6101928374655647,1.8099173553719008,1.81267217630854,1.6170798898071626,1.5110192837465564,1.2534435261707988,1.1046831955922864,1.2699724517906337,1.0964187327823691,1.6460055096418733,1.5206611570247934,1.4146005509641872,1.7506887052341598,1.3925619834710743,1.1391184573002755,0.8168044077134986,1.421487603305785,1.7355371900826446,1.6515151515151516,1.418732782369146,1.6639118457300275,1.8305785123966942,1.556473829201102,1.4834710743801653,1.2768595041322315,1.2148760330578512,1.037190082644628,1.3319559228650137,1.1267217630853994,1.337465564738292,1.544077134986226,1.3884297520661157,1.3953168044077136,1.5151515151515151,1.5757575757575757,1.7534435261707988,1.8884297520661157,1.3636363636363635,1.2920110192837466,2.071625344352617,1.6696143124057545,1.6946215861099785,1.6946215859457785,1.6635519413908626,1.6766239250330204,1.6629835956681176,1.6857174822121588,1.6995472615743774,1.6650675367717875,1.6377868729517784,1.668667068658779,1.6309667121280298,1.6199786649919385,1.610127314555741,1.6417653061470028,1.6580579208605193,1.6883697672323723,1.6878014180614247,1.6326717501172652,1.6385446694928398,1.64820656812552,1.656921226295227,1.6635519441822646,1.6576790226720886,1.6626046996142885,1.6442281429761016,1.624904342262539,1.6322928532424354,1.6303983621360816,1.6745399877059532,1.6885592162444876,1.6453648380339942,1.7224705930255308,1.6876119720049116,1.650101061859076,1.629830015428136,1.6893170108151476,1.6804129090519295,1.676245029964392,1.6720771492348534,1.6756766837490467,1.6709404554905616,1.6540794896356963,1.6393024657055013,1.6432808985723255,1.65123775839477,1.6205470133418853,1.6190314217375632,1.623199297212698,1.6438492454444713,1.668667066031577,1.659762961969557,1.6565423281067961,1.680223457248412,1.672456051364087,1.7264490231009528,1.7247439834697162,1.6381657739316111,1.6622258012616578,1.734784781440228
4057192912,3.9375,2.921875,1.09375,2.421875,0.734375,3.65625,4.671875,2.453125,0.78125,3.1875,0.53125,1.015625,1.171875,0.59375,4.484375,3.9375,3.34375,1.953125,2.796875,1.71875,3.1875,1.5625,1.734375,2.703125,3.203125,6.796875,3.328125,2.78125,3.0625,2.421875,3.109375,4.46875,4.390625,4.0,4.96875,3.09375,3.484375,5.140625,3.34375,2.328125,3.171875,2.203125,1.796875,1.859375,1.015625,2.75,1.453125,3.0625,0.53125,2.46875,1.71875,2.84375,1.921875,0.484375,0.640625,2.828125,1.265625,1.71875,2.875,1.734375,1.6075350195169442,1.4726100172847505,1.3068450186401601,1.403220016509294,1.337685020640492,1.5227250121533866,1.561275012791156,1.4032200183719392,1.3145550154149528,1.480320023372769,1.3029900193214412,1.3222650215029712,1.3299750164151187,1.3068450205028053,1.5689850263297553,1.5612750165164466,1.4957400187849994,1.4224950224161144,1.4687550216913219,1.3723800219595428,1.4803200140595432,1.3685250189155336,1.4263500217348333,1.4764650184661146,1.5342900268733497,1.7270400151610368,1.5227250158786767,1.472610024735331,1.472610022872686,1.4533350188285108,1.4649000186473127,1.6075350213795896,1.584405014291405,1.5574200227856632,1.6345200221985574,1.5034500192850824,1.5150150153785937,1.607535017654299,1.5574200153350823,1.4417700245976444,1.4803200140595432,1.4456250164657827,1.4070750176906581,1.4340600240975614,1.3762350194156165,1.4649000205099578,1.3646700214594598,1.4726100116968148,1.2798600215464826,1.453335022553801,1.403220016509294,1.5073050186038013,1.4379150215536352,1.2760050203651185,1.3107000216841693,1.4263500161468978,1.329975020140409,1.3762350212782617,1.4687550142407413,1.4494800195097919
4319703577,4.64,5.548571428571429,5.7785714285714285,5.514285714285714,5.7057142857142855,6.128571428571429,6.14,5.7371428571428575,5.522857142857143,5.098571428571429,4.974285714285714,4.775714285714286,4.222857142857142,4.467142857142857,4.575714285714286,5.07,4.61,4.672857142857143,5.37,5.691428571428571,5.0528571428571425,4.985714285714286,5.134285714285714,4.782857142857143,4.68,4.988571428571428,5.132857142857143,5.178571428571429,5.147142857142857,5.29,4.822857142857143,4.428571428571429,4.291428571428572,4.684285714285714,4.5285714285714285,4.062857142857143,4.062857142857143,4.311428571428571,4.39,3.8214285714285716,3.78,4.554285714285714,4.2371428571428575,4.437142857142857,4.734285714285714,4.178571428571429,4.285714285714286,4.37,4.4714285714285715,5.607142857142857,6.441428571428571,6.178571428571429,6.571428571428571,5.7457142857142856,6.251428571428572,5.328571428571428,4.841428571428572,5.18,4.887142857142857,5.131428571428572,1.4174458861351045,1.4611857719080819,1.4802538735525979,1.471031973361972,1.5033751152242962,1.538146675654823,1.5277370469910787,1.4838655725547274,1.4697041021074597,1.4450063025951416,1.4412554264068633,1.4281127444335422,1.3894215433938193,1.4064590571607893,1.418304430076057,1.442690371785848,1.4182990288734467,1.430000970023022,1.4538294722352738,1.4715779985700363,1.4356295267173254,1.4519539596353288,1.4435585750852342,1.4266778853961428,1.4119505010332412,1.4210444137028315,1.4255159873621834,1.4404069265297512,1.4356462720462284,1.466103342430935,1.436651243652619,1.4116629564762146,1.3996939315114734,1.4235326855523276,1.3989689150878393,1.3907243166651075,1.3946390880857227,1.4252534307752367,1.405187130655564,1.3702461440222635,1.3698084730761422,1.4095071150575396,1.3862547876153704,1.415557028055194,1.4162947152342145,1.397654957941603,1.4028366128035983,1.4142423731940164,1.3879802582945173,1.4516572873933005,1.5202427990095986,1.4892019169671225,1.5241497576236753,1.458007218837741,1.4965591876847433,1.4698545006343327,1.422490916252139,1.4513542013508962,1.4308692143644635,1.4234999414852718
4388161847,10.102097902097903,10.177622377622377,10.794405594405594,10.083916083916083,11.016783216783217,10.47972027972028,9.025174825174826,8.604195804195804,7.9020979020979025,7.793006993006993,7.40979020979021,7.7496503496503495,7.2,7.141258741258741,7.521678321678322,6.806993006993007,7.4,6.7272727272727275,6.686713286713287,6.825174825174825,6.881118881118881,6.823776223776224,6.815384615384615,7.0181818181818185,7.6573426573426575,8.121678321678322,7.293706293706293,7.28951048951049,7.0643356643356645,6.904895104895105,7.420979020979021,6.629370629370629,6.702097902097902,7.193006993006993,7.1692307692307695,7.241958041958042,7.735664335664335,6.476923076923077,6.744055944055944,6.8195804195804195,6.311888111888112,6.227972027972028,5.868531468531469,5.667132867132867,5.570629370629371,6.138461538461539,7.174825174825175,7.223776223776224,7.216783216783217,6.699300699300699,7.615384615384615,6.986013986013986,7.5412587412587415,7.440559440559441,7.907692307692308,7.886713286713286,7.706293706293707,7.671328671328672,7.455944055944056,8.48951048951049,2.328950769251043,2.3351530355173393,2.3772919591490207,2.3802106732255095,2.444604783625036,2.4227144311358044,2.3050538036373114,2.2674753769294367,2.2098307918001723,2.1691512192879525,2.148537812366352,2.1826502693282976,2.1293837432261116,2.133032139364656,2.1093175919739515,2.085238212805528,2.1025680760403613,2.0730160996630476,2.094541609370625,2.120810027222533,2.0881569213800497,2.1224518087360407,2.120992447112824,2.121722119504755,2.1853865605134235,2.192865758175617,2.163131368243611,2.1644083033074866,2.1416058603700225,2.1614895935658804,2.1839272035585418,2.1262826174289198,2.131755200966255,2.165685243206424,2.145619089786823,2.143977309773852,2.163861049472035,2.118985829153261,2.153098291450447,2.133032137697393,2.100196612131346,2.0735633556659403,2.051673005010698,2.011175862559072,2.0294178200768425,2.0482070364318528,2.145619086118845,2.152551035781007,2.135221167044206,2.0934470838600103,2.1605774934475237,2.1166143755812743,2.1676918548303883,2.1572939422580744,2.1762655803373647,2.203081258693775,2.1881228563668844,2.1638610519729298,2.167509434940098,2.2131143393216433
4445114986,2.6341127922971115,3.061898211829436,3.3645116918844566,3.5185694635488307,3.623108665749656,3.4580467675378266,2.90646492434663,3.1196698762035764,3.763411279229711,3.4429160935350756,3.484181568088033,3.9628610729023386,3.1829436038514443,3.2709766162310867,3.4319119669876206,3.3658872077028885,3.823933975240715,4.181568088033012,4.103163686382393,4.2420907840440165,3.855570839064649,4.050894085281981,4.529573590096286,4.203576341127923,4.361760660247593,3.861072902338377,4.33837689133425,3.781292984869326,4.1292984869325995,3.845942228335626,3.7111416781292985,3.924346629986245,3.6464924346629988,4.385144429160936,4.170563961485557,3.621733149931224,3.6891334250343877,3.9133425034387894,3.204951856946355,3.5983493810178815,3.6341127922971115,3.094910591471802,2.900962861072902,3.5061898211829434,3.202200825309491,3.264099037138927,2.876203576341128,2.6795048143053646,2.6987620357634112,2.78404401650619,2.8225584594222832,2.5859697386519946,2.5653370013755157,2.68363136176066,2.766162310866575,2.823933975240715,2.7138927097661623,2.9752407152682254,3.107290233837689,3.013755158184319,1.4800708735005579,1.5087860066756273,1.5374992644770453,1.5499532975389687,1.554586417081433,1.5311705200347496,1.5200729953865582,1.5080871909979792,1.5607725296584596,1.5299127192084054,1.5237364605007686,1.5523294971274557,1.526087408380628,1.5432442743151862,1.5369772583123267,1.533176265851669,1.571166089509181,1.5926510953181727,1.5807167357230956,1.58790430176537,1.582066224398608,1.5778054289181604,1.6363012474209615,1.6061052097087072,1.6121715326912645,1.5705823196505597,1.6197852078297459,1.5645141203105055,1.5973735680442416,1.5822664166415097,1.5573246870932929,1.5737242454347797,1.5637498049493357,1.6061847114825363,1.6166255077272875,1.5509921946912568,1.5671092227531773,1.5782006678915763,1.5145567358769956,1.5530437775458412,1.5489583864828596,1.518214120825516,1.4951569811022116,1.5430000917127749,1.507341577885405,1.5139612736695423,1.4903339263989492,1.484770434922662,1.4820976695135522,1.4765781390453812,1.4946957713472153,1.4469190753965646,1.4658506011700552,1.4808627880259118,1.484319515700519,1.5045116441285937,1.4836908491966336,1.5141581946258877,1.5231293077482009,1.5246930178126754
4558609924,6.421199442119944,6.02928870292887,5.866108786610878,5.266387726638773,5.2803347280334725,5.718270571827057,5.7112970711297075,5.709902370990237,5.517433751743376,5.7489539748953975,5.471408647140865,4.658298465829847,5.174337517433751,5.485355648535565,5.193863319386332,5.06415620641562,4.7782426778242675,5.040446304044631,5.185495118549512,4.5885634588563455,4.629009762900976,4.602510460251046,4.7698744769874475,5.125523012552302,4.751743375174337,5.456066945606694,4.9442119944212,5.0906555090655505,4.682008368200837,5.168758716875872,5.4072524407252445,5.524407252440725,5.457461645746164,5.601115760111576,5.152022315202231,5.2301255230125525,5.910739191073919,5.542538354253836,5.955369595536959,6.01673640167364,6.050209205020921,5.635983263598327,5.789400278940028,6.344490934449094,6.179916317991632,5.450488145048815,6.182705718270572,6.447698744769874,6.645746164574616,6.472803347280335,6.323570432357044,6.093444909344491,5.7322175732217575,5.269177126917713,5.02510460251046,5.7866108786610875,5.03347280334728,5.843793584379358,5.185495118549512,5.7740585774058575,1.4865827325996492,1.4708729151901339,1.485265841543924,1.4479874449793764,1.435346524752001,1.4505249797217181,1.4527473211953497,1.4641314339271982,1.4427611132047162,1.4534910847452396,1.4185089113988303,1.402286052953249,1.4011553537562966,1.4317846402962335,1.4281283660247568,1.4156962885018671,1.3898819778919884,1.4284478384414308,1.422952256358983,1.397517073104571,1.391650849472695,1.368152285802647,1.3781265264774465,1.4070529823023903,1.351910405079191,1.374777572341211,1.3773844341021366,1.4124302359471925,1.4010168160188479,1.398080502011952,1.416800694984372,1.4132814906963578,1.4339981845565752,1.4330183797135347,1.4147001952140732,1.4357764409176974,1.4464292143013022,1.4377741826129256,1.4472154398011028,1.4667604880685416,1.4615035670571743,1.4357840844444318,1.4418910992029155,1.4631919940645226,1.4591657727998337,1.4021703600883484,1.4449271940453448,1.4670685761643254,1.477626386796081,1.4800856177444401,1.4776500253165281,1.4938904436894873,1.4738877516245077,1.4436312499904234,1.423325089314326,1.4630650606946798,1.4302974601004743,1.4396826034642995,1.4456937238262284,1.45309467096209
4702921684,4.477961432506887,4.694214876033058,4.9393939393939394,5.3429752066115705,5.086776859504132,5.088154269972452,5.320936639118457,5.505509641873278,4.900826446280992,5.476584022038567,5.867768595041323,6.18732782369146,5.508264462809917,5.130853994490358,4.971074380165289,5.1115702479338845,5.067493112947658,4.652892561983471,5.163911845730028,5.362258953168044,5.0578512396694215,5.236914600550964,5.702479338842975,5.106060606060606,5.550964187327824,5.7699724517906334,5.797520661157025,6.2272727272727275,5.896694214876033,5.818181818181818,5.922865013774104,6.254820936639119,6.425619834710743,6.433884297520661,6.7809917355371905,6.822314049586777,6.56198347107438,7.2782369146005506,7.548209366391185,7.539944903581267,7.4958677685950414,7.422865013774104,8.294765840220386,7.550964187327824,7.473829201101928,7.517906336088155,7.089531680440771,7.764462809917355,6.932506887052342,7.033057851239669,7.0440771349862255,6.920110192837465,6.683195592286501,7.2782369146005506,6.466942148760331,5.957300275482094,5.74931129476584,5.508264462809917,5.520661157024794,5.290633608815427,1.9703815091740005,2.022091485744666,2.0213196888442875,2.020547899497114,2.019776110806742,1.9881326928940035,2.0186184276890824,2.0680130265304215,1.9954647060596589,2.045631100323575,2.0954115958910022,2.1189512093205107,2.058751536959131,2.0437016258883416,1.993535225713221,2.0004813401823864,2.003954399387371,1.980800680056749,2.011672307637113,2.058365641218244,2.0240209590304987,2.039070876340893,2.078432200204571,2.01475947159381,2.0483323626281806,2.059523329426107,2.0325106531792114,2.057207953831382,2.089623166509897,2.0861501073049125,2.0699425008014547,2.11509225601664,2.131299857429894,2.136702392876313,2.147893359838439,2.17760729838994,2.1440344066987684,2.210408399420337,2.2289313754431146,2.2258442136210195,2.210408397449936,2.2347198069588217,2.2856579884353097,2.24012234142004,2.2030763854336812,2.214267355023009,2.189570053878238,2.2397364478137547,2.136702393040513,2.161013796638195,2.151366413953219,2.154453580208718,2.139017763380834,2.1814662492308083,2.1424908252130206,2.0776604075733958,2.083448839417503,2.030195284316691,2.0494900519854444,2.030581179400778
5553957443,6.531161473087819,7.090651558073654,6.941926345609065,6.458923512747876,6.708215297450425,5.903682719546742,5.855524079320113,5.624645892351275,4.827195467422096,4.947592067988668,4.961756373937677,4.990084985835694,5.689801699716714,5.661473087818697,5.637393767705382,5.413597733711049,5.6798866855524075,5.732294617563739,5.593484419263456,5.776203966005665,5.786118980169972,6.164305949008498,5.98300283286119,5.93342776203966,6.30028328611898,6.432011331444759,6.191218130311615,5.818696883852692,5.978753541076487,5.623229461756374,5.672804532577904,5.943342776203966,5.78328611898017,5.723796033994335,6.256373937677054,6.468838526912181,6.188385269121813,6.330028328611898,6.164305949008498,5.65014164305949,6.611898016997167,6.1331444759206795,5.937677053824363,6.339943342776204,6.763456090651558,6.361189801699717,6.4405099150141645,5.926345609065156,5.981586402266289,6.06657223796034,5.403682719546742,5.7280453257790365,6.5835694050991505,6.61756373937677,6.8696883852691215,6.53257790368272,6.220963172804533,6.402266288951841,6.28328611898017,6.007082152974505,1.347107014389281,1.3770593368466781,1.3853317163990169,1.3605460776992289,1.373487639359644,1.3230288544558937,1.338249477465497,1.3248915199517526,1.278528033589506,1.3067416579122242,1.2953462481667566,1.2923216581682304,1.3290423957720692,1.2924044934278167,1.3161367567166387,1.2919264490644922,1.302066506221679,1.2980395908396234,1.2972529349009645,1.3010295053717094,1.3122135876089587,1.316331238061105,1.3114810656893352,1.302826192240539,1.329739958892125,1.3389937573721995,1.3400220850709477,1.295281716176538,1.3226420255457036,1.3050564172923056,1.3031473257724013,1.3192125932859629,1.3083130462311479,1.3220982877458458,1.3248368993021609,1.3451943480259294,1.3294836386573885,1.3411236141963987,1.3303109507891677,1.2952083164335306,1.3709598742530973,1.3130770109530545,1.323166306988038,1.3323844638323308,1.3444310088164404,1.3331508951383,1.3472598745532478,1.3132974945283136,1.3207223410309203,1.315388345262484,1.2992265606905853,1.2898974417795874,1.3491858247319293,1.3529686555477443,1.3725437877367304,1.3463872989412742,1.3223391948610796,1.343572596314946,1.3302045211238156,1.3230839555729548
5577150313,7.333333333333333,7.830409356725146,7.491228070175438,7.2821637426900585,6.966374269005848,6.536549707602339,6.711988304093567,6.9605263157894735,5.956140350877193,6.399122807017544,6.097953216374269,6.059941520467836,6.521929824561403,6.404970760233918,6.108187134502924,6.400584795321637,6.1535087719298245,6.4751461988304095,5.644736842105263,5.809941520467836,5.4605263157894735,5.273391812865497,5.557017543859649,5.47953216374269,5.808479532163743,5.295321637426901,5.062865497076023,4.966374269005848,4.60233918128655,5.137426900584796,5.508771929824562,5.019005847953216,5.7894736842105265,5.628654970760234,5.592105263157895,5.669590643274854,5.858187134502924,5.899122807017544,5.019005847953216,4.454678362573099,4.478070175438597,4.5,5.016081871345029,5.182748538011696,5.521929824561403,4.937134502923977,5.33625730994152,5.631578947368421,5.818713450292398,6.036549707602339,5.242690058479532,5.187134502923977,5.507309941520468,6.211988304093567,6.133040935672515,6.435672514619883,6.166666666666667,6.416666666666667,6.456140350877193,6.995614035087719,2.5075331218758508,2.510364655688491,2.530312454317047,2.561762536129755,2.5270379053221803,2.4947586880441284,2.473667917195815,2.445094248530459,2.448436349456072,2.429404147535736,2.449178649493824,2.434334178417048,2.422880048117441,2.436019016288176,2.3471823423578018,2.3633861369208278,2.380479590063205,2.374915859155486,2.377864002832891,2.373595337770137,2.3443905756487475,2.3233385340512136,2.330255902650062,2.363712493439165,2.3216137392827627,2.325508368991271,2.330966570572545,2.3431937382583716,2.302836632345154,2.3365080970072594,2.3131633423573774,2.2693987757141816,2.309160641933741,2.3151677921850067,2.2761765301924686,2.2751021976010826,2.3564976540922404,2.3772130476103874,2.293648417233025,2.27774429460715,2.248993677353997,2.22697191210518,2.2506791949272147,2.2855136816264583,2.3318835496902457,2.315866817159261,2.3225350751165745,2.3540554590392517,2.364004076050038,2.396645764684118,2.357216311825645,2.3443524372159374,2.350144939812999,2.3874582986385486,2.410180066761216,2.4415195108505703,2.3834800383849437,2.4119061838116553,2.4761191937658507,2.472707332923397
6117666160,5.0927672955974845,4.988993710691824,4.7751572327044025,4.872641509433962,4.95125786163522,4.962264150943396,5.512578616352202,5.0251572327044025,4.229559748427673,4.553459119496855,4.102201257861635,4.113207547169812,4.144654088050315,3.9858490566037736,4.621069182389937,4.834905660377358,4.965408805031447,5.922955974842767,4.602201257861635,5.113207547169812,5.199685534591195,5.311320754716981,5.59748427672956,5.227987421383648,5.133647798742138,4.7437106918239,4.8569182389937104,5.333333333333333,4.518867924528302,4.79559748427673,4.885220125786163,4.462264150943396,4.235849056603773,5.44811320754717,5.29874213836478,5.45125786163522,5.089622641509434,4.468553459119497,4.1069182389937104,4.44496855345912,4.1069182389937104,5.265723270440252,4.985849056603773,4.834905660377358,5.1242138364779874,4.69496855345912,4.866352201257862,4.968553459119497,5.352201257861635,5.171383647798742,5.209119496855346,4.7075471698113205,5.066037735849057,4.660377358490566,5.077044025157233,5.19811320754717,4.427672955974843,4.8915094339622645,4.666666666666667,4.683962264150943,1.549798889355092,1.5622181986113042,1.5411380600629387,1.5511061875325352,1.5530671297379286,1.5506159475764414,1.5846056360868563,1.5775789224876573,1.524796863771837,1.5334576968127103,1.5318235747469322,1.4911339998995008,1.5025728356163484,1.5030630721985945,1.5154823773312143,1.538033229000166,1.5280651011556974,1.5792130445534354,1.547020886304246,1.5700619711815962,1.5537207756402382,1.5899982264956616,1.5872202234448154,1.5726765656621229,1.5631986687768205,1.535582049837655,1.5514330095465105,1.5741472679114217,1.5511061875325354,1.5532305424318398,1.552086657698052,1.530189456429874,1.5081288405934246,1.5708790309024332,1.572022913761861,1.5898348160509819,1.5787228045973412,1.5398307633849835,1.5149921441228158,1.5068215484139327,1.5063313114568146,1.5765984511975246,1.5695717349742218,1.5437526526691054,1.5783959814587505,1.5463672381527043,1.5458770045694339,1.552903717418889,1.5780691545714396,1.5576426623002562,1.5759448007967511,1.53411134458938,1.5529037162942732,1.5538841894587656,1.5612377250719396,1.5787228030978533,1.516626266938338,1.5434258224079467,1.5259407492553687,1.5375429946671517
6290855005,4.079563182527301,4.249609984399376,3.424336973478939,3.0249609984399375,3.7379095163806553,3.954758190327613,3.8673946957878313,3.5226209048361934,3.873634945397816,3.8221528861154446,4.085803432137285,3.8252730109204367,3.920436817472699,3.9703588143525743,3.921996879875195,3.968798751950078,4.102964118564743,3.580343213728549,4.759750390015601,4.667706708268331,4.034321372854914,4.633385335413417,5.106084243369735,4.937597503900156,4.583463338533542,5.042121684867395,4.86427457098284,4.329173166926677,4.237129485179407,3.6318252730109206,4.170046801872075,4.720748829953198,4.1201248049922,4.967238689547582,4.31201248049922,4.5600624024961,4.90015600624025,4.110764430577223,3.6677067082683306,4.483619344773791,4.586583463338534,4.86427457098284,5.095163806552262,3.6817472698907956,4.5257410296411855,3.209048361934477,3.546021840873635,3.5085803432137284,4.0374414976599065,3.984399375975039,3.3307332293291734,3.1482059282371293,3.5429017160686427,3.143525741029641,4.0124804992199685,4.666146645865835,4.107644305772231,4.483619344773791,4.414976599063962,4.569422776911076,1.9217825464079012,1.9164246679654138,1.8472187355416392,1.8436468216632682,1.912852750739512,1.862845881680799,1.8815984640404104,1.8914212358537184,1.8490046986179645,1.8338559666959398,1.8191218048845514,1.8700216441370174,1.8637707899215592,1.8539480158765642,1.8758260173470258,1.8936856094277,1.8539480132729291,1.8334094749040017,1.8793979297376053,1.880737402509784,1.8704681336972682,1.8820768726783277,1.8811838898383475,1.8901136914579026,1.8789514409212502,1.9008294457392427,1.9186890378199173,1.866896217215262,1.8463576844255527,1.8735935609909715,1.865556753369832,1.920028509476252,1.8753795262989836,1.9102057339434655,1.907973288001951,1.898150509121634,1.996796187670105,1.9249113230920956,1.9302692026504267,1.9740252096827764,1.9400919841343789,1.9521472074684192,1.968220839820299,1.9012473589172565,1.9217858972861839,1.865081681104231,1.8932105434852124,1.8704395625223014,1.9057122638184605,1.9173209990800415,1.838292289635689,1.8525799656063051,1.9110701377975738,1.871779029715262,1.9338411202482761,1.950807736184032,1.9007975221982019,1.9199965903985856,1.9003510371013255,1.9003510344976904
6775888955,2.1860068259385668,2.1843003412969284,2.2986348122866893,2.008532423208191,1.674061433447099,1.7440273037542662,1.5887372013651877,1.3276450511945392,1.4829351535836177,1.2747440273037542,1.1092150170648465,1.4266211604095562,1.7235494880546076,1.621160409556314,1.8447098976109215,1.5665529010238908,1.575085324232082,1.581911262798635,1.7935153583617747,1.8754266211604096,1.6945392491467577,1.8515358361774743,1.924914675767918,1.9658703071672354,2.31740614334471,1.810580204778157,1.6075085324232081,1.5494880546075085,1.5443686006825939,1.7406143344709897,2.022184300341297,1.9744027303754266,1.9948805460750854,2.0187713310580206,1.825938566552901,1.901023890784983,1.9795221843003412,2.112627986348123,2.0955631399317407,1.6911262798634812,2.1331058020477816,2.196245733788396,2.2167235494880546,2.0938566552901023,1.8242320819112627,1.9812286689419796,1.9914675767918089,1.7764505119453924,1.4215017064846416,1.4488054607508531,1.2457337883959045,1.3686006825938566,1.9402730375426622,2.1467576791808876,2.13481228668942,2.2610921501706485,2.092150170648464,2.4334470989761092,2.636518771331058,2.7013651877133107,1.5544901490211458,1.5403088390216861,1.5525265846642995,1.5313637012507697,1.538781616874926,1.5213276959523374,1.5174005611357806,1.5054009855810662,1.4864198433254328,1.4820563614164979,1.4914378485175095,1.4968921987676753,1.5219822159806178,1.492092371393793,1.515436994948075,1.5016920269552727,1.4947104569994925,1.5084554229580065,1.5241639559179412,1.5440177954097627,1.5158733414301662,1.5444541449432865,1.53441813862771,1.526782044575073,1.5544901524794357,1.5520902375719217,1.5156551678839774,1.520454997292148,1.524818478997654,1.511291686178471,1.5346363135979009,1.5254730002465073,1.5117280340845645,1.538563442311593,1.5350726600799922,1.5280910915482138,1.534418134152276,1.5520902363513487,1.5283092630601145,1.4982012441133854,1.5287456119833516,1.543581449334529,1.53419996528495,1.5259093501868883,1.5115098601315178,1.5023465496281276,1.5202368215082418,1.490783323810366,1.4848926252472492,1.4842381031846805,1.4920923697663624,1.4942741088899705,1.5040919453210768,1.517182388199878,1.5344181361865643,1.5523084111181107,1.5466358852874673,1.5660533768731955,1.5939796571031744,1.5819800833793194
6962181067,6.971153846153846,6.902472527472527,7.053571428571429,7.31456043956044,7.2760989010989015,7.8173076923076925,7.103021978021978,7.333791208791209,7.372252747252747,6.798076923076923,6.475274725274725,6.125,6.3804945054945055,6.126373626373627,6.931318681318682,6.440934065934066,7.652472527472527,7.583791208791209,6.412087912087912,6.918956043956044,6.78021978021978,6.592032967032967,6.512362637362638,6.910714285714286,6.822802197802198,6.528846153846154,6.556318681318682,6.8695054945054945,7.085164835164835,6.601648351648351,6.184065934065934,6.626373626373627,6.5054945054945055,6.303571428571429,6.188186813186813,5.868131868131868,6.652472527472527,6.487637362637362,6.041208791208791,6.0782967032967035,6.571428571428571,6.684065934065934,7.097527472527473,6.964285714285714,7.1195054945054945,7.394230769230769,7.125,6.6098901098901095,7.0054945054945055,7.206043956043956,7.407967032967033,6.8282967032967035,7.292582417582418,7.531593406593407,6.5782967032967035,6.375,6.9958791208791204,6.767857142857143,6.568681318681318,6.96978021978022,1.4090657975974974,1.4067088747090035,1.420816719859511,1.4145930366856712,1.4293448232359938,1.4537782155714192,1.4162266521335958,1.4235612928539843,1.4316720784856722,1.3785785872202654,1.3685358125757385,1.3520451661322144,1.3744017983694652,1.338512158901482,1.3926086277588383,1.3629541217789547,1.4228154841687652,1.4126270076894498,1.3604190291447953,1.3823479114325494,1.368373270873185,1.3500241630679959,1.3682531324716716,1.3800409341251456,1.3689064298357283,1.3581623793630808,1.3598692865817101,1.3875469788090213,1.40984328353143,1.3992515951395035,1.3519829135838446,1.3759359224484518,1.367930275971418,1.3296478592104963,1.3493204954397546,1.3536492334781112,1.3675337654876185,1.3540469641377637,1.340945728286937,1.37521574310549,1.3982652745895334,1.4014813470971452,1.3956581323847665,1.3978510571050122,1.4169302493497566,1.437963285616466,1.4278758801110498,1.3995723631847037,1.4157711133197113,1.448343420094186,1.4474692049917284,1.4148386251795424,1.4372016886597152,1.4404498507360837,1.4174407164637859,1.3855244238953015,1.4186148493663295,1.4209623775639377,1.4179571581247088,1.4115149606387694
7007744171,7.395147313691508,7.571923743500866,7.436741767764298,7.6533795493934145,8.164644714038129,8.660311958405545,8.473136915077989,7.592720970537262,7.672443674176776,7.925476603119584,8.140381282495667,7.878682842287695,7.34315424610052,8.424610051993067,8.41421143847487,7.34315424610052,7.944540727902946,8.0,8.688041594454074,8.454072790294628,8.719237435008665,8.230502599653379,9.038128249566725,9.230502599653379,8.844020797227037,9.003466204506067,8.56152512998267,8.33795493934142,8.741767764298094,8.62738301559792,8.965337954939342,8.674176776429809,8.859618717504333,7.66897746967071,8.374350086655113,8.412478336221836,8.358752166377815,8.287694974003466,7.984402079722703,8.305025996533795,7.689774696707106,8.344887348353552,8.149046793760832,9.027729636048527,8.94107452339688,8.292894280762566,8.459272097053725,8.149046793760832,7.674176776429809,7.575389948006932,7.542461005199307,7.452339688041595,7.298093587521664,6.774696707105719,7.202772963604852,7.53206239168111,7.474870017331023,6.951473136915078,6.847487001733103,7.897746967071058,1.811056844076621,1.7934428418323098,1.7936302212743231,1.7925059270610826,1.8198638507770277,1.818364780325202,1.8329806555081885,1.778452197848406,1.7741423874215385,1.8082461026553662,1.7919437767521331,1.8142423582242293,1.7928806917299622,1.8305446762765905,1.858839514350559,1.761212960686178,1.7891330309922386,1.8076839523464168,1.8663348327269778,1.8423498069392936,1.88113809416984,1.8357914012680832,1.8884460297986152,1.9158039489693188,1.8882586470509717,1.8848857530481464,1.8457227019751283,1.8260474837218852,1.8676465156793165,1.8796390266104406,1.8622124110392086,1.862587174055273,1.8725184747623183,1.8410381287387985,1.8412255098336268,1.8685834290043304,1.8661474532849645,1.8329806621194489,1.8459100867887908,1.853218022417566,1.7898825623960166,1.838976916035497,1.8485334500076436,1.8736427671161417,1.867084365370367,1.8269844015921406,1.851718957957195,1.829045612642627,1.8159288035728267,1.8114316087455007,1.8337301920770137,1.8080587184615096,1.772643325853594,1.7389143804536933,1.7580274521168209,1.7732054712040983,1.751656430639467,1.7420998946013015,1.7104321633509152,1.7870718158097143
7086361926,6.280555555555556,6.845833333333333,7.147222222222222,7.605555555555555,7.940277777777778,7.476388888888889,8.308333333333334,7.997222222222222,7.5777777777777775,7.525,7.691666666666666,6.523611111111111,6.631944444444445,6.973611111111111,6.433333333333334,6.551388888888889,6.354166666666667,6.248611111111111,5.694444444444445,6.393055555555556,6.177777777777778,6.088888888888889,6.477777777777778,6.523611111111111,6.488888888888889,6.661111111111111,6.501388888888889,6.579166666666667,6.704166666666667,6.583333333333333,7.315277777777778,6.976388888888889,6.141666666666667,6.029166666666667,5.779166666666667,6.668055555555555,5.9,5.990277777777778,6.825,5.972222222222222,6.340277777777778,6.727777777777778,6.540277777777778,7.240277777777778,6.486111111111111,6.584722222222222,7.120833333333334,7.580555555555556,8.07638888888889,7.830555555555556,7.886111111111111,7.426388888888889,7.033333333333333,6.345833333333333,6.572222222222222,6.541666666666667,6.463888888888889,4.909722222222222,4.927777777777778,4.965277777777778,1.7624655925565282,1.8287957840495628,1.8729635205533757,1.8968549604217195,1.9128873798582275,1.8666762971215765,1.8979552264014867,1.9135161063737327,1.9042424473497588,1.8842805201808601,1.8531587708327493,1.829424503445624,1.8003461014893305,1.8295816873510666,1.8547305769390514,1.835397369166214,1.8456141008271099,1.8397984241445844,1.7629371258947573,1.7921727119220612,1.8075764074921592,1.7786551853020973,1.7780264639192145,1.789972187578677,1.777240562604532,1.795630686978498,1.8027038122216847,1.780698529548114,1.7972024889455889,1.8022322696116222,1.8141779909531264,1.8237659997410232,1.7673381843500655,1.7525632139709248,1.7525632181101363,1.7932729790608075,1.7632514898975677,1.7373166968425102,1.7720535998543088,1.749891142547129,1.7621512227588216,1.7852567682663587,1.7399887712465376,1.8215654739075224,1.8047471587856594,1.805375879009563,1.808205130530727,1.8497007964385868,1.8776789345675031,1.8765786712368318,1.9009416550397857,1.8863238688972248,1.8773645766907257,1.8658903951446202,1.8454569275180486,1.8490720743934301,1.8429420353637789,1.7500483254591612,1.7228560873203795,1.7193981152441753
8053475328,9.603021978021978,9.023351648351648,9.328296703296703,10.063186813186814,9.912087912087912,10.130494505494505,10.159340659340659,10.567307692307692,11.14423076923077,11.057692307692308,11.550824175824175,11.366758241758241,12.089285714285714,11.706043956043956,11.546703296703297,11.590659340659341,11.733516483516484,11.594780219780219,12.164835164835164,11.478021978021978,11.684065934065934,11.866758241758241,12.186813186813186,11.153846153846153,11.471153846153847,11.131868131868131,11.177197802197803,11.331043956043956,10.787087912087912,10.743131868131869,10.68956043956044,11.163461538461538,11.114010989010989,10.934065934065934,10.866758241758241,10.80631868131868,10.601648351648352,10.62912087912088,10.589285714285714,10.354395604395604,9.851648351648352,9.32967032967033,9.005494505494505,8.471153846153847,8.791208791208792,8.679945054945055,8.715659340659341,8.905219780219781,9.05631868131868,8.664835164835164,8.642857142857142,8.335164835164836,8.635989010989011,9.148351648351648,8.994505494505495,9.0,9.358516483516484,9.14423076923077,8.936813186813186,9.103021978021978,2.028250335664537,1.9814522559498664,1.9948367984085265,2.044902047449413,2.0347529952670165,2.0575632592151423,2.0493702785326855,2.0513619788727886,2.1094904587818997,2.1188258427184987,2.1590832735483434,2.140508605883669,2.1838203337821303,2.168605141423558,2.151861116617588,2.149942488133249,2.1532894716812985,2.162703707486716,2.1757090296391577,2.153964733520704,2.156416788205993,2.163660580476559,2.2048739311131773,2.131715305558925,2.158612234906833,2.1231700311322763,2.1435287164135266,2.13570773879905,2.1320060576711355,2.0992826976618897,2.084464510063546,2.1231623421331,2.130674769426437,2.1131516953746012,2.09277522400185,2.097246817671333,2.0894061318793113,2.0924133173711974,2.084222255991053,2.0535189049257,2.0316424512273636,1.9935189158051847,1.968507924905187,1.9429081583416037,1.9537728623701949,1.9726334759494732,1.9418507994531247,1.976657162655838,1.9689644930454373,1.955124826057924,1.9633259783079309,1.9275992730489115,1.9483434279541365,1.9898706098179213,1.985851730127908,1.9805126245860187,2.0095137012201323,1.9912932521694282,1.9822298681342967,1.9843027644104982
8253242879,4.7100737100737105,4.464373464373464,3.9533169533169534,4.115479115479116,4.968058968058968,5.717444717444717,5.953316953316953,5.808353808353808,6.302211302211302,4.948402948402949,5.1302211302211305,4.277641277641278,3.808353808353808,4.267813267813268,4.191646191646192,3.9508599508599507,3.9901719901719903,3.7714987714987713,4.606879606879607,4.57985257985258,4.57002457002457,4.601965601965602,4.2481572481572485,4.11056511056511,4.164619164619165,4.538083538083538,4.4496314496314495,4.2309582309582305,5.081081081081081,4.982800982800983,4.678132678132678,5.624078624078624,5.4914004914004915,3.972972972972973,4.7936117936117935,5.685503685503686,5.329238329238329,5.03931203931204,4.400491400491401,4.41031941031941,4.832923832923833,4.427518427518428,3.8746928746928746,4.171990171990172,4.442260442260443,4.051597051597051,4.5675675675675675,3.533169533169533,3.4520884520884523,4.624078624078624,4.7862407862407865,4.457002457002457,4.027027027027027,4.985257985257985,4.594594594594595,4.7936117936117935,5.398034398034398,5.9041769041769046,5.285012285012285,5.4914004914004915,1.3195119917539184,1.2951532687250464,1.2668971523313033,1.2919866376778424,1.3441143041746628,1.3650628044212778,1.3787036891065596,1.3597038840778926,1.3938061001845607,1.324870910339918,1.3343708146116366,1.2802944482105083,1.2783457547499453,1.283461084529868,1.2771278136485338,1.2291411316658418,1.2398589688378412,1.2722560715030986,1.2961276198487905,1.2985634920930986,1.3175632941927902,1.307089044069483,1.2802944493820982,1.2788329265041494,1.300268600262354,1.2929609882157915,1.2939353340673805,1.3085505663616364,1.327306786098996,1.311960789729688,1.295396856359534,1.32560167324338,1.328524718413482,1.2739611802581492,1.3229222127787903,1.3626269321769702,1.3299862442204062,1.3392425591002521,1.285409779162021,1.2822431487006116,1.2929609876299963,1.2897943554112017,1.2690894369411236,1.2827303192832256,1.2717688985773041,1.2698201992587907,1.2722560732604835,1.242051253447662,1.2627561672313796,1.3009993649232012,1.3014865390205856,1.27030737277038,1.319024818242329,1.311960786214918,1.3173197071440979,1.3316913553186371,1.3380246185846358,1.3614089957619186,1.3299862442204062,1.3650628020780977
8378563200,6.012379642365887,5.713892709766163,5.928473177441541,5.50343878954608,5.533700137551582,5.724896836313618,6.635488308115543,5.4786795048143055,5.774415405777167,5.475928473177442,5.232462173314993,5.414030261348006,5.0563961485557085,4.7469050894085285,5.357634112792297,6.173314993122421,5.724896836313618,5.243466299862448,5.255845942228335,5.74828060522696,5.965612104539202,5.742778541953233,5.713892709766163,6.166437414030261,6.034387895460798,6.291609353507566,6.193947730398899,6.7689133425034385,6.436038514442916,7.546079779917469,7.955983493810179,7.4690508940852816,7.704264099037139,7.955983493810179,6.957359009628611,7.037138927097661,7.020632737276479,7.079779917469051,7.233837689133425,7.297111416781293,6.497936726272352,6.495185694635488,6.420907840440165,7.042640990371389,7.0976616231086656,5.939477303988996,5.529573590096286,5.346629986244841,5.217331499312242,4.909215955983494,5.045392022008253,5.364511691884457,5.777166437414031,5.55433287482806,5.939477303988996,5.584594222833562,5.276478679504814,5.145804676753783,5.883081155433287,5.865199449793673,2.421536590898873,2.386838926737705,2.4120360386584774,2.3727946394575348,2.3765122414947046,2.3624594818283144,2.4727484825716712,2.3591549434228973,2.3880696608242995,2.3517197334454836,2.370316230283315,2.3616418156368044,2.3269441578706322,2.2943118279377073,2.338923106331281,2.448799035900069,2.406666163073281,2.374446904642874,2.363294085741371,2.4066661594658476,2.4000570859344985,2.412449105569716,2.3909696010972645,2.4459075642419155,2.416579781732992,2.463669462413866,2.4479729022415664,2.5066284759500492,2.4735830802537055,2.5723061927247075,2.5830459443870235,2.576849929076277,2.5983294351884716,2.623113481345826,2.5198466280959493,2.5396738619719117,2.510346075199657,2.5214988985284648,2.516542090838352,2.55660962648536,2.476061485164595,2.4595387918257154,2.4566473163961544,2.523564237020038,2.536369327337902,2.4256672631267664,2.3765122437903443,2.3504889967353013,2.331487902256941,2.3240526809653024,2.3182697424042504,2.3686639598507995,2.3996440185313377,2.3822951869426765,2.426080327742365,2.1392845422070494,2.138045338521798,2.1430021489994737,2.2062014575837576,2.1855480859499363
8583815059,3.674351585014409,3.9164265129683,4.085014409221902,4.370317002881844,4.42507204610951,4.600864553314121,4.6023054755043225,4.731988472622478,4.4293948126801155,4.29106628242075,3.9769452449567724,4.031700288184438,3.7348703170028816,4.112391930835735,4.1253602305475505,4.289625360230548,4.442363112391931,4.536023054755043,3.994236311239193,3.8919308357348705,3.4798270893371757,3.6469740634005765,3.7060518731988474,3.68299711815562,4.0,3.5129682997118157,4.373198847262248,3.474063400576369,3.615273775216138,3.8804034582132565,3.3487031700288186,3.4927953890489913,3.7723342939481266,3.909221902017291,4.3097982708933715,4.227665706051873,4.363112391930835,4.295389048991354,3.9654178674351583,4.109510086455331,4.368876080691643,3.7348703170028816,4.511527377521614,3.9495677233429394,4.1902017291066285,4.089337175792507,4.152737752161383,4.244956772334294,4.579250720461095,4.818443804034582,4.942363112391931,4.600864553314121,4.259365994236311,4.283861671469741,4.044668587896253,4.178674351585014,3.9048991354466858,4.337175792507205,3.951008645533141,4.095100864553314,1.8103163077439612,1.8331524034054878,1.8331524039208018,1.839215082290879,1.8541696930481293,1.8691243010570389,1.8881206984822263,1.8988314392930823,1.8804413056167457,1.8396192617306435,1.8313336016808859,1.8190061494665102,1.8058703421515745,1.832344043667102,1.831131509642091,1.8602323743383191,1.863869980020549,1.8681138564942537,1.838810905427684,1.8119330232699928,1.7923303584887573,1.799605572086245,1.8070828823603526,1.816378989549465,1.848309102594336,1.8024348216372867,1.8719535567918484,1.802434823870314,1.7899052842549683,1.8016264660214125,1.7846509625313935,1.8022327330339178,1.8264834540721648,1.8545738704266381,1.8638699812229484,1.8711451985994045,1.8569989453475126,1.8493195500772337,1.8228458482181635,1.8551801424205114,1.8731660913321733,1.828100169598196,1.8602323714182065,1.8410338864202789,1.8588177469003428,1.849521640226544,1.8432568662104742,1.8551801391568565,1.8873123435534374,1.9147964951284324,1.9206570836927417,1.873974445573877,1.847500745604291,1.8606365518885992,1.835981649177561,1.8713472851415176,1.8495216364475753,1.8840789147344021,1.8468944775611578,1.8398213482727561
8792009665,1.029320987654321,1.2669753086419753,1.3842592592592593,1.4197530864197532,1.5385802469135803,1.5694444444444444,1.4799382716049383,1.0509259259259258,1.4398148148148149,1.6604938271604939,1.4891975308641976,1.433641975308642,1.6651234567901234,1.9845679012345678,1.7731481481481481,1.4891975308641976,1.7762345679012346,1.5802469135802468,1.0941358024691359,1.0108024691358024,1.0910493827160495,1.1527777777777777,1.095679012345679,1.1373456790123457,1.3364197530864197,1.0925925925925926,1.2762345679012346,1.5339506172839505,1.3425925925925926,1.0601851851851851,1.2330246913580247,1.1975308641975309,1.375,1.625,1.2762345679012346,1.6018518518518519,1.382716049382716,1.1759259259259258,1.1435185185185186,1.3487654320987654,1.3317901234567902,1.3858024691358024,1.2407407407407407,1.6851851851851851,1.3179012345679013,1.2175925925925926,1.3811728395061729,1.1959876543209877,1.4027777777777777,1.1759259259259258,1.1450617283950617,1.2978395061728396,1.287037037037037,1.1929012345679013,1.2731481481481481,1.0679012345679013,0.8595679012345679,1.0324074074074074,1.117283950617284,0.7808641975308642,1.3732172690423912,1.4032586592215073,1.4014489378458181,1.4030776860905276,1.4361956053309965,1.4193651873020472,1.4204510209369066,1.4076019919212948,1.441805743692833,1.4562835202172946,1.4561025489259645,1.4302235205232356,1.438910187578495,1.4599029671998667,1.497545190615418,1.4588171333810425,1.4566454659273589,1.4322142148459394,1.3916764371556996,1.362177963794013,1.3976485215955305,1.3947529643774028,1.3838946318920742,1.3876950488782218,1.3981914378610654,1.3942100490316927,1.4090497701624287,1.4475968540818598,1.4372814380460313,1.4231656050240546,1.3864282424803127,1.4086878264759788,1.4164696333952886,1.4497685207996833,1.4086878255561541,1.441805744612658,1.4208129648073216,1.405068382620811,1.3697787973983784,1.4039825486180217,1.404163519725387,1.4094117153205985,1.3799132412230521,1.4018108824520927,1.4056112988863456,1.3907715753640653,1.4019918550311778,1.411764354617507,1.4159267154740693,1.378103520215293,1.3871521316928623,1.3996392135266897,1.4139360209674006,1.3925812989473338,1.3925812965557893,1.3817229651742506,1.3759318529455744,1.3887808812253262,1.3750269931775547,1.3596443537576695
8877689391,11.005494505494505,10.76510989010989,10.596153846153847,10.513736263736265,10.622252747252746,10.892857142857142,10.912087912087912,10.195054945054945,10.725274725274724,10.582417582417582,11.309065934065934,10.656593406593407,11.070054945054945,10.916208791208792,10.31868131868132,10.17445054945055,9.785714285714286,10.248626373626374,10.592032967032967,11.126373626373626,10.839285714285714,10.619505494505495,11.557692307692308,11.462912087912088,11.287087912087912,11.222527472527473,11.038461538461538,11.203296703296703,11.307692307692308,10.928571428571429,11.166208791208792,10.832417582417582,12.553571428571429,12.916208791208792,12.446428571428571,12.016483516483516,12.601648351648352,11.615384615384615,12.236263736263735,11.991758241758241,11.844780219780219,11.038461538461538,10.571428571428571,10.201923076923077,9.885989010989011,10.35576923076923,11.476648351648352,10.986263736263735,10.791208791208792,11.146978021978022,11.111263736263735,10.888736263736265,10.177197802197803,11.005494505494505,11.089285714285714,10.833791208791208,10.798076923076923,11.634615384615385,11.026098901098901,11.111263736263735,2.425876844551536,2.39554584632208,2.361491912341379,2.3581355539979505,2.371724934040844,2.366186061403253,2.3825444467775103,2.335977469171796,2.32394509934462,2.3638195370907304,2.381620802067138,2.3463387079946276,2.369931086406602,2.371375030868655,2.3138965615531895,2.3332762143441594,2.2872891489948537,2.3282204440661833,2.3463904548149834,2.3863247629705358,2.34843832712907,2.3560654820649174,2.4026668037359524,2.4000243190880655,2.3939961008318167,2.4188928245515604,2.3245265022083945,2.3812458315393417,2.4096500141607526,2.374722480118929,2.394051738165236,2.3850607045076693,2.492572205734776,2.5072527522896664,2.4738533958628923,2.4671383866896988,2.471743190190293,2.442614986510066,2.4498881646892516,2.482644637862404,2.4306502502698155,2.4014490046998946,2.3693174908121857,2.360945061995432,2.3204844271416185,2.3602126399566825,2.3993832488636384,2.432717370135443,2.3979908028146713,2.4091063077960686,2.428337522096686,2.416917137556023,2.3952127215298966,2.421294399015195,2.4218764999410602,2.3969658241494667,2.400028932880568,2.438905786190714,2.460992799355433,2.4092246068047944
